B53A59E8-8E98-4C61-84C7-EBC3C9958E25,_Temp
C54A5313-761F-4DE2-A856-78151D5F7BC9,1010Group
5845C5EF-3A15-402B-A660-1BEE9B935BD4,5STAR
7C772F15-D5EF-4EC3-9ED5-BF60789CEE26,9x9
62B30A11-0208-426D-B4DB-427ED7336A1D,AAA
CC9C16D5-4A31-4F81-80D3-6B6D5D92FC73,ABC
D931373A-83F4-4DBA-8D39-D9B08BE17574,ActionHRM
212EEC4B-6C76-448D-92BA-21F696AAA98D,AdeccoGroup
F4134618-3871-43C3-91F2-6E36C4F76799,adGeek
B4EFE75C-9748-4EFC-B29F-8A2F8218474E,AEB
1D1D00F9-C1E3-4585-A0A2-8044174B18FD,AGM
5E48C312-6892-4F31-AD01-4D88B85D8E63,AGT
6896CCFC-641C-459C-9060-ABDDA6F6ED4C,ALP
9EFE181C-A5C1-497F-AA2B-12AA63D7C3EE,ALPHA
B28CDCB4-776B-43C5-8075-5450B0D9D331,ALT
63ADDED3-0AA6-48BB-9815-663D9807C267,AMED
3ABE1032-6C1C-401F-B640-866FD58C4860,Andes
4B5FD6EF-2E85-47B0-B696-48FF4357A258,APPOTECH
0313491F-5221-4266-9231-AB287888F60A,Artilux
8A548A9D-2D29-43EE-89F1-55224D714DB0,AS
EB7CCEAA-B665-4ED0-A815-FBB1E8C7C86E,Asama
58FED043-75F5-48DF-8481-BDA16985A5A1,ASM
0130CDD5-EB57-466B-9122-2CD32D9929D9,AST
C3FFC84E-9454-4656-9139-48B0425A4CB2,AUOGROUP
8DB8FABF-AE56-4FBE-A332-576041C3A181,AVT
1BF4677D-DFA6-4B38-AC6F-A9686B318C57,BOYO
1CD5E947-B6D7-4CD6-8C2F-14349D65F525,CACOPRO
7CDA549A-0B19-4B36-B915-1CE8D1DCC316,CARPLUS
9612389E-AF23-4260-AA8A-407266094A56,CDST
59A59D6C-B6A8-4F67-AAAD-BF7BFD8D2459,CloudRiches
1728EB60-A126-4A09-A6E4-A346C0517E5A,Comepro
E90C1800-F60E-4AD5-844C-B8197B9CA29D,CSERL
0D30E53B-E44A-498C-8937-178C997E38E8,CSET
92A3F8E8-B6AF-459A-B392-23206DE19099,CTBOSS
25ADF431-EB26-4316-B840-B3DBE5AF4327,Cub
27BC6070-735C-4E99-BB53-C99E753B1ADB,Curvestw
F6515A79-239C-4FB4-8887-1D95DACA09EC,DAIKO
DCE5BD72-A912-45B1-B0A9-F94FF5501FAE,DEEPMENTOR
132C5A1E-C09A-472A-AE26-59658C1A56F7,Deluxe
A3D090F7-24B6-4A13-A77B-0111307FDC69,DL
7F907A14-4C4C-454F-A3C6-CCF3017E8EF2,Dolphin
DC834B99-5517-481F-9BC4-493077726F87,Domino
A55C6E48-2535-4B3D-AF05-978EB822FD4F,DTRI
E9447D84-679C-4485-A650-A421638EA5D0,DWS
80B04347-094A-4F30-A08C-652C3F2F8D52,E7PLAY
9CFEF5D5-9C1E-40D8-A401-DA50F2CAFD2F,EMQ
A90B90F3-1D90-464B-BB3B-64BE8F61606B,ENRESTEC
88A9BA42-9E85-4A9C-8453-0F4CB67A559A,ESUN
AF4479FA-4865-4EE1-8477-CF5A50B5B8FB,FACTOR
94C776A3-7E98-4A96-80B3-C703210774AA,FETC
FA1A81CA-4E46-462B-A286-BF23000086B9,FGLife
9597CA01-FECE-49E9-BDAA-7897731399D2,Flight
F8B124F0-E51F-4317-AC95-E5C292B7AE2D,FMC
CBD983EB-0B55-43B6-8BFB-4DC31393FA7C,FMSC
4C066319-EFFF-48EA-9C6E-031A8FFDD135,FOP
3BE76815-1FFE-480A-B536-F7038FF1F050,FORMOSA
04CFF18E-6AC6-47CD-8120-666D769EEA21,FOX
414D330F-823E-4171-AAA2-2642C55876E2,FTSTW
D0E4E1DD-58C9-493A-B48B-220344E7DA89,FTV
C9473A40-6929-49F8-BD02-C0EBDA070A8C,FTZ
826370B5-5834-4B3A-A050-51AF771F9B4D,FWD
48BDBC2D-197A-48A8-8FCB-415E4B04B097,Gaia
513B7444-0DF9-4F7B-A222-77FAC872C97F,GCI
39DCDD5D-1191-400D-95CF-2DAD7771C63B,GH
330CAC06-A7DA-472C-9F24-12547D25227E,GOMAJI
DA8A1B87-7B4F-4055-93E5-9A578029D0D3,GS
E23A6A45-5129-494A-A637-C8DA9F6262D1,GYEN
266E71C6-6749-470C-9416-53CC9B0D7D03,HCPC
7A200919-8A58-4ED2-8B1E-DF4A16B29FFC,HMT
6FFA99D0-57E6-4D23-89C2-EED2CC788152,HoloFACE
5FC68AD9-0F29-45BA-ABA4-37F20C81F22C,HourLoop
E38464E1-3916-4DA6-B7FF-FCAB7503DE24,HOYII
02601056-A8E7-40C9-9C55-8A306F8F6091,HRS
A1EC8D4B-A3FF-490C-A3A7-B67E164454E4,HSN
3116CCAC-BFFE-4B45-9944-D3B2B1C9737A,HTL
86A40433-FADE-4C7F-88EA-EBC184E27C1A,HUN
FFDF3B41-B723-452F-B691-D01581BB6EE5,iCHEF
EC4C116F-FCDA-43CD-ADD8-A942B090B5B0,IFG
D8797634-4C6E-4E3F-A34F-7077F769D2A4,ILEY
C8FD5BD2-F9E1-4DCF-BCF9-302289401816,Infofab
1AB99DB2-6AD7-4FF9-A4B8-5C42D12D6DAD,INKISM
A295088F-3635-4BA5-BA1B-E2356BF1E5DE,IPS
1F3BBBAA-9580-4886-8472-FDFA620A73AD,JETONE
6579175E-6D4F-457D-9F6C-D256D55E8D34,JTFS
BA99488F-3D5F-4AFE-A486-265D45873C63,KAKUREGA
0BF88B24-9ACE-4860-A6E6-7EDE6A14CE25,KIRABASE
A596BFEF-5603-4355-B43C-8C55B45E785D,KKCompany
8EFC55C2-41F0-4BE6-98F3-7737B9DA9BF5,KKFARM
7BDD2FB0-BBE1-405A-8900-BB20307EDC1A,KKHRPortal
B047B0BF-07F2-4878-A588-162C32E4CA1A,KKLIVE
2BE46AA1-8C94-4A0B-A999-878E977B077B,KMC
B8333450-F409-48C9-A39C-93EC8DB1620D,KoMiCo
DB1EE06D-8B3B-472B-B0B9-B3705A3B0AD8,KONE
D653AF93-FBCF-4D67-A948-000349E01AC1,LH05
BCEFF153-A173-45B9-8404-E436D963708B,LIANYOU
97B86E63-5E91-4AC3-8BAE-95F2769A8B80,LOUISA
492BB1DE-1996-4D85-B55E-9522F8483A44,LS59276799
FCA4BB46-792D-4E04-9774-B5AFBA8C2DD1,LUSHTW
7668016E-1E10-4B25-94EE-2C474F502FC6,LVMHBEAUTY
C3D2B56F-7F55-4839-B686-938B3180EA24,MAYO777
EF7DAFEF-7B51-4D38-A7B7-ED58E0F601BE,MayoDemo
3E9DC54F-86CB-439D-8A76-F083DCE001E6,MAYOQA1
3CE9119F-4678-4344-B5F1-F05F47192D42,Mayovn
DD6BF977-8339-4E3B-8FEE-E8D1D9210287,Medicure
FBBC969A-0FFE-456C-A6E3-DE6C4687C024,Meitu
6CF0A30D-8E26-4780-9ECD-E7599CCCCF67,Merck
9F3547B9-9168-4C03-8F7D-AD816F50D0DF,MF
A6D53D5B-03BB-4B2B-BBB4-6B7DDE7E4757,Miagroup
B4D1C23C-0FC5-4456-BE9E-2F1A98147100,MOXA
C6C630C2-B033-4053-84A3-87F146DE196C,MOXATest
AD209252-55C4-4D26-9189-112DF28A1551,MPS
5578640A-903E-46EF-90BA-EE8ECF064797,MT
479FEBCA-482C-4797-BB6F-845595FBAF51,MURATATW
895D3ABB-26E6-4BD5-B452-B9CCFE41305F,NextDrive
0A189E46-2A62-427E-9C28-8C32685DD290,NMB
EF4A93C5-1029-4F6A-BAD7-0E1DB87B3174,PLANDDO
4CEC213D-70D4-42C3-8C14-A21F2AE9165D,Plenus
36F02831-B504-42B6-9F3D-DD67A7E944A1,PM
831C090E-F43A-4253-BE74-52E373B2AA3C,PressPlay
A86ECD92-448F-4CCD-892E-5191E888214D,ProFederal
4FEE2FB1-4285-4C60-B08C-CB1C1972225C,PSPC
1082E22A-2274-4288-919D-1ED57E14F90A,PT50997769
2F773B80-6CA5-45D3-A668-417D15194058,QJ
7DBBDD4C-59BB-4D70-8DF9-70EC99371959,Rayark
EF7464BD-DFCC-4F92-97EC-58D749C5A8C1,REINSTW
2D053B2D-C50B-41AC-9EDC-E5F2073F7FDF,RF82854547
6D14B70F-4925-414D-B3BE-3A23E2A3654A,RHINOSHIELD
6B8EFC9F-2E39-4FE7-A0D2-FB6FFEEC3C01,SEEBOX
2343A104-8E32-4B55-8B33-E0EFDB226CD3,SEGroup
F3D4190E-347F-4267-A572-6481E3DDA630,SGS
7960811B-51D4-4BB8-A3B2-A5C311E4D0FC,SH
4603A2DA-8B27-4C6C-B0CE-0F1B03A2ABC5,Shopee
8571D913-FAB8-4F29-82CA-07F2ECDA2D90,Skyla
9C1D0D02-AF25-4C0F-9666-922958CCCA4F,SN91
6B2005B6-860D-4757-BBE3-CCFADDD6D991,SOFTSTAR
20C63BD2-4466-4F9B-8EFA-1676E6362EA0,Spirox
2F678C9B-D9DA-4CF1-B820-DD4F2B524BC7,sss
6AF8D2B6-BD3B-4F92-91EE-CA3149F6511A,Sunspark
14ECFD72-78E6-4AC0-961F-7B24222EDDB7,SWASH
8B8CAACD-55B2-40DB-AC81-1C7FF45ED4E7,SYMPHOX
BF015D04-2182-4DE0-BCAF-91B083B76346,SYNERA
EA8AD53C-A6DB-407F-BBF5-7367A201F3EF,SYNIC
E8A7FA10-D683-45FB-A7DB-6813716FE22B,T012
564EAEB4-5202-4263-8D11-F0F3AC229B07,Takeda
B75CD656-04E2-4222-9F1F-9BB9590BD6C6,TEKTRO
DEC0D288-05EA-46F0-8D52-CE488359D052,TENEN
38752A3B-3018-4027-9874-FD1825EF1B6A,TESLA
BBB5D95F-B59F-4CFB-B61B-EA09A8793C59,TheBodyShop
0BF5AD77-2FC5-4B9D-8D31-87E151D457AB,THINK
461110C2-C119-40DE-B1A3-9769D7ACDF84,Tientai
D351CA84-1C34-42B0-878E-A78835A429C1,TKE
AC31B502-EEA3-423D-9068-B9D788B89D0B,TKK
97BDB31D-E4AF-4FA9-A975-8223998521CB,TNLMG
3DC77407-AFB4-4CB2-BF59-226676F6B6B4,TSG35878722
051D4967-63F6-4BA2-9FF2-357E25334B9B,TSG36260296
52D9E43A-4983-4EC7-AAE6-10C89B5AA44C,TUNGWEI
F5D81F06-78C5-4B3C-B446-D86116D4A367,TUTK
5A5D42BB-15A4-4410-9ADB-6D66869C56DE,TutorABC
16850C44-4E04-4DA4-8F00-59A3FE2D43CA,TXOne
DF86941F-F5B3-4AAC-9A66-293B93E393E0,UARK
CDE81102-6129-477A-A654-9B7B2158FA71,UCT
8107C1E8-4A34-4740-BEE6-5DF8F8098280,UNITEDHOTEL
0E4D640D-6BB6-4265-B63D-A3E143F03FB9,UPCYCLE
6AD99FA7-A59D-4AC5-9090-E950C2E0B7FA,UTX
91EAE514-953A-43B3-BEA7-0B4F4BBC5697,Vorwerk
5BAD80C9-91B8-4B06-A758-33115CF5DED2,WANGJUNG
F0D9B375-B4AA-4C3C-904B-1DA44C66EBCC,Welhunt
7319C0C9-F29E-40DC-8DEA-93B2F4200606,whalechip
229218A0-6994-480C-9AB8-CB51F80F7F16,WOH
CF3F41A1-D822-49C6-9105-D94BA15B3956,WPCB
774D6C71-6C90-4830-8583-88973E9E759F,WVT
FBD4C9B1-F3A1-4D95-B616-BEE45C165BF2,YBICO
C764207E-7248-42AD-9451-BEA7AA54C51D,YLC
4ADA647F-9B14-43F7-A9DF-348A381A86FB,YLG
6794EC1A-1285-46CD-867D-558EE7F08956,YONGCHUN
75C43DC8-B263-479D-841F-883BA2623ED3,YUMARK
